Rank,Club,Country,Level,Elo,From,To
1,Arsenal,ENG,1,2065.75805664,2026-05-31,2026-06-07
2,Bayern,GER,1,2000.87023926,2026-05-21,2026-06-07
3,Man City,ENG,1,1969.96252441,2026-05-25,2026-06-07
4,Paris SG,FRA,1,1964.03833008,2026-05-31,2026-06-07
5,Barcelona,ESP,1,1953.36730957,2026-05-24,2026-06-07
6,Real Madrid,ESP,1,1924.69067383,2026-05-24,2026-06-07
7,Aston Villa,ENG,1,1920.07873535,2026-05-25,2026-06-07
8,Man United,ENG,1,1914.42456055,2026-05-25,2026-06-07
9,Liverpool,ENG,1,1909.90759277,2026-05-25,2026-06-07
10,Inter,ITA,1,1888.60229492,2026-05-24,2026-06-07
11,Bournemouth,ENG,1,1871.07861328,2026-05-25,2026-06-07
12,Sporting,POR,1,1847.92749023,2026-05-25,2026-06-07
13,Brighton,ENG,1,1841.11901855,2026-05-25,2026-06-07
14,Newcastle,ENG,1,1836.63977051,2026-05-25,2026-06-07
15,Brentford,ENG,1,1835.69897461,2026-05-25,2026-06-07
16,Dortmund,GER,1,1834.76867676,2026-05-25,2026-06-07
17,Chelsea,ENG,1,1830.2121582,2026-05-25,2026-06-07
18,Atletico,ESP,1,1829.45397949,2026-05-25,2026-06-07
19,Benfica,POR,1,1823.50866699,2026-05-18,2026-06-07
20,Forest,ENG,1,1821.27880859,2026-05-25,2026-06-07
21,Fulham,ENG,1,1812.20422363,2026-05-25,2026-06-07
22,Porto,POR,1,1805.9453125,2026-05-25,2026-06-07
23,Leverkusen,GER,1,1804.02624512,2026-05-25,2026-06-07
24,Everton,ENG,1,1802.53930664,2026-05-25,2026-06-07
25,Crystal Palace,ENG,1,1796.83776855,2026-05-28,2026-06-07
26,Leeds,ENG,1,1796.49719238,2026-05-25,2026-06-07
27,Roma,ITA,1,1793.45080566,2026-05-25,2026-06-07
28,Napoli,ITA,1,1780.29589844,2026-05-25,2026-06-07
29,Tottenham,ENG,1,1776.41748047,2026-05-25,2026-06-07
30,Juventus,ITA,1,1772.25634766,2026-05-25,2026-06-07
31,West Ham,ENG,1,1767.91064453,2026-05-25,2026-06-07
32,Lens,FRA,1,1766.09460449,2026-05-25,2026-06-07
33,Stuttgart,GER,1,1763.83459473,2026-05-25,2026-06-07
34,Atalanta,ITA,1,1763.51843262,2026-05-23,2026-06-07
35,RB Leipzig,GER,1,1761.90344238,2026-05-21,2026-06-07
36,Villarreal,ESP,1,1761.1237793,2026-05-25,2026-06-07
37,Como,ITA,1,1760.02868652,2026-05-25,2026-06-07
38,PSV,NED,1,1759.13476562,2026-05-25,2026-06-07
39,Brugge,BEL,1,1757.43859863,2026-05-25,2026-06-07
40,Milan,ITA,1,1750.04211426,2026-05-25,2026-06-07
41,Betis,ESP,1,1748.90966797,2026-05-25,2026-06-07
42,Lille,FRA,1,1742.76025391,2026-05-18,2026-06-07
43,Sunderland,ENG,1,1735.03869629,2026-05-25,2026-06-07
44,Lyon,FRA,1,1730.66918945,2026-05-25,2026-06-07
45,Freiburg,GER,1,1724.91296387,2026-05-21,2026-06-07
46,St Gillis,BEL,1,1716.76196289,2026-05-25,2026-06-07
47,Monaco,FRA,1,1716.56958008,2026-05-25,2026-06-07
48,Marseille,FRA,1,1715.79406738,2026-05-25,2026-06-07
49,Rayo Vallecano,ESP,1,1715.21398926,2026-05-28,2026-06-07
50,Rennes,FRA,1,1715.17004395,2026-05-25,2026-06-07
51,Strasbourg,FRA,1,1709.85559082,2026-05-24,2026-06-07
52,Bodoe Glimt,NOR,1,1708.89233398,2026-05-30,2026-06-07
53,Lazio,ITA,1,1703.16967773,2026-05-24,2026-06-07
54,Celta,ESP,1,1702.5559082,2026-05-24,2026-06-07
55,Bologna,ITA,1,1701.2779541,2026-05-24,2026-06-07
56,Hoffenheim,GER,1,1700.35375977,2026-05-24,2026-06-07
57,Valencia,ESP,1,1699.19372559,2026-05-24,2026-06-07
58,Braga,POR,1,1698.91113281,2026-05-24,2026-06-07
59,Midtjylland,DEN,1,1687.3840332,2026-05-24,2026-06-07
60,Galatasaray,TUR,1,1684.27075195,2026-05-24,2026-06-07
61,Bilbao,ESP,1,1679.67944336,2026-05-24,2026-06-07
62,Wolves,ENG,1,1678.80187988,2026-05-25,2026-06-07
63,Mainz,GER,1,1671.92553711,2026-05-21,2026-06-07
64,Sociedad,ESP,1,1671.24414062,2026-05-24,2026-06-07
65,Fiorentina,ITA,1,1670.17321777,2026-05-23,2026-06-07
66,Getafe,ESP,1,1665.8536377,2026-05-25,2026-06-07
67,Burnley,ENG,1,1665.4453125,2026-05-25,2026-06-07
68,Frankfurt,GER,1,1663.77978516,2026-05-24,2026-06-07
69,Olympiakos,GRE,1,1663.37609863,2026-05-24,2026-06-07
70,Coventry,ENG,2,1660.58642578,2026-05-24,2026-06-07
71,Zenit,RUS,1,1657.19775391,2026-05-24,2026-06-07
72,Fenerbahce,TUR,1,1655.55847168,2026-05-24,2026-06-07
73,Slavia Praha,CZE,1,1654.11645508,2026-05-25,2026-06-07
74,Toulouse,FRA,1,1653.27734375,2026-05-24,2026-06-07
75,Osasuna,ESP,1,1652.03674316,2026-05-24,2026-06-07
76,Udinese,ITA,1,1645.94165039,2026-05-25,2026-06-07
77,Mallorca,ESP,1,1644.55163574,2026-05-24,2026-06-07
78,Gladbach,GER,1,1640.84313965,2026-05-24,2026-06-07
79,AEK,GRE,1,1640.65869141,2026-05-24,2026-06-07
80,Levante,ESP,1,1640.51867676,2026-05-24,2026-06-07
81,Ipswich,ENG,2,1639.10681152,2026-05-24,2026-06-07
82,Lorient,FRA,1,1638.10864258,2026-05-24,2026-06-07
83,Girona,ESP,1,1637.58459473,2026-05-24,2026-06-07
84,Alaves,ESP,1,1636.76049805,2026-05-24,2026-06-07
85,Augsburg,GER,1,1636.44641113,2026-05-24,2026-06-07
86,Southampton,ENG,2,1635.45507812,2026-05-24,2026-06-07
87,FC Krasnodar,RUS,1,1632.22900391,2026-05-24,2026-06-07
88,Viking,NOR,1,1631.9107666,2026-05-31,2026-06-07
89,Espanyol,ESP,1,1631.23449707,2026-05-24,2026-06-07
90,Paris FC,FRA,1,1628.37841797,2026-05-25,2026-06-07
91,Sevilla,ESP,1,1627.70202637,2026-05-25,2026-06-07
92,Elche,ESP,1,1625.18212891,2026-05-25,2026-06-07
93,Torino,ITA,1,1624.05883789,2026-05-25,2026-06-07
94,Auxerre,FRA,1,1623.1628418,2026-05-25,2026-06-07
95,Sassuolo,ITA,1,1622.01721191,2026-05-25,2026-06-07
96,Brest,FRA,1,1619.89587402,2026-05-25,2026-06-07
97,Union Berlin,GER,1,1619.43054199,2026-05-25,2026-06-07
98,Genoa,ITA,1,1618.22717285,2026-05-25,2026-06-07
99,Werder,GER,1,1606.01928711,2026-05-21,2026-06-07
100,PAOK,GRE,1,1605.57592773,2026-05-18,2026-06-07
None,Millwall,ENG,2,1603.52697754,2026-05-21,2026-06-07
None,Feyenoord,NED,1,1602.56091309,2026-05-18,2026-06-07
None,Hamburg,GER,1,1602.1472168,2026-05-21,2026-06-07
None,Parma,ITA,1,1599.93127441,2026-05-25,2026-06-07
None,Wolfsburg,GER,1,1599.56982422,2026-05-21,2026-06-07
None,Venezia,ITA,2,1598.84899902,2026-05-09,2026-06-07
None,Cagliari,ITA,1,1594.3046875,2026-05-25,2026-06-07
None,Famalicao,POR,1,1590.96606445,2026-05-17,2026-06-07
None,Middlesbrough,ENG,2,1588.05371094,2026-05-21,2026-06-07
None,Las Palmas,ESP,2,1586.8684082,2026-06-01,2026-06-07
None,Crvena Zvezda,SRB,1,1586.15527344,2026-05-23,2026-06-07
None,Shakhtar,UKR,1,1584.59069824,2026-05-22,2026-06-07
None,Santander,ESP,2,1583.71105957,2026-06-01,2026-06-07
None,Aarhus,DEN,1,1582.55212402,2026-05-18,2026-06-07
None,Nice,FRA,1,1581.42370605,2026-05-18,2026-06-07
None,Genk,BEL,1,1581.32556152,2026-06-01,2026-06-07
None,Le Havre,FRA,1,1579.11999512,2026-05-18,2026-06-07
None,FC Kobenhavn,DEN,1,1578.41003418,2026-05-22,2026-06-07
None,Ajax,NED,1,1578.02783203,2026-05-25,2026-06-07
None,Dinamo Zagreb,CRO,1,1577.11853027,2026-05-24,2026-06-07
None,Celtic,SCO,1,1575.15283203,2026-05-17,2026-06-07
None,Malaga,ESP,2,1570.40661621,2026-06-01,2026-06-07
None,Koeln,GER,1,1568.1685791,2026-05-21,2026-06-07
None,Lecce,ITA,1,1568.02062988,2026-05-25,2026-06-07
None,Twente,NED,1,1567.7479248,2026-05-18,2026-06-07
None,Frosinone,ITA,2,1564.72619629,2026-05-09,2026-06-07
None,Paphos,CYP,0,1561.03271484,2026-03-20,2026-06-07
None,Oviedo,ESP,1,1559.74768066,2026-05-24,2026-06-07
None,Norwich,ENG,2,1559.46972656,2026-05-21,2026-06-07
None,Almeria,ESP,2,1558.04248047,2026-06-01,2026-06-06
None,Viktoria Plzen,CZE,1,1556.39904785,2026-05-25,2026-06-07
None,Lok Moskva,RUS,1,1555.28356934,2026-03-16,2026-06-07
None,CSKA Moskva,RUS,1,1554.62341309,2026-03-15,2026-06-07
None,St Truiden,BEL,1,1554.60766602,2026-05-25,2026-06-07
None,Karabakh Agdam,AZE,0,1554.37609863,2026-02-25,2026-06-07
None,Heidenheim,GER,1,1552.56970215,2026-05-21,2026-06-07
None,Eibar,ESP,2,1551.5513916,2026-06-01,2026-06-07
None,Spartak Moskva,RUS,1,1550.99316406,2026-03-15,2026-06-07
None,Castellon,ESP,2,1548.10766602,2026-06-01,2026-06-06
None,Depor,ESP,2,1548.09240723,2026-06-01,2026-06-07
None,Sparta Praha,CZE,1,1547.84729004,2026-05-25,2026-06-07
None,Panathinaikos,GRE,1,1546.63842773,2026-05-18,2026-06-07
None,Angers,FRA,1,1546.59716797,2026-05-18,2026-06-07
None,Sheffield United,ENG,2,1545.68920898,2026-05-21,2026-06-07
None,Monza,ITA,2,1543.99084473,2026-05-30,2026-06-07
None,Burgos,ESP,2,1543.57470703,2026-06-01,2026-06-07
None,Nordsjaelland,DEN,1,1541.78027344,2026-05-18,2026-06-07
None,Nantes,FRA,1,1541.57043457,2026-05-18,2026-06-07
None,Reims,FRA,2,1541.0255127,2026-05-10,2026-06-07
None,Alkmaar,NED,1,1539.21313477,2026-05-18,2026-06-07
None,Dynamo Moskva,RUS,1,1538.52539062,2026-03-15,2026-06-07
None,Derby,ENG,2,1538.32189941,2026-05-21,2026-06-07
None,Swansea,ENG,2,1535.39404297,2026-05-21,2026-06-07
None,St Pauli,GER,1,1532.94165039,2026-05-21,2026-06-07
None,Hull,ENG,2,1531.98901367,2026-05-24,2026-06-07
None,Nijmegen,NED,1,1531.59875488,2026-05-18,2026-06-07
None,Cremonese,ITA,1,1531.55664062,2026-05-25,2026-06-07
None,Brondby,DEN,1,1529.92541504,2026-05-22,2026-06-07
None,Brann,NOR,1,1528.16906738,2026-05-30,2026-06-07
None,Hannover,GER,2,1527.87036133,2026-05-21,2026-06-07
None,Wrexham,ENG,2,1526.56774902,2026-05-21,2026-06-07
None,Trabzonspor,TUR,1,1526.23779297,2026-05-18,2026-06-07
None,Paderborn,GER,2,1525.36743164,2026-05-21,2026-06-07
None,Anderlecht,BEL,1,1523.74475098,2026-05-25,2026-06-07
None,Elversberg,GER,2,1523.39831543,2026-05-21,2026-06-07
None,Lech,POL,1,1520.91882324,2026-05-24,2026-06-07
None,Bueyueksehir,TUR,1,1520.4609375,2026-05-17,2026-06-07
None,Utrecht,NED,1,1520.30163574,2026-05-25,2026-06-07
None,Troyes,FRA,2,1520.19433594,2026-05-10,2026-06-07
None,Ferencvaros,HUN,1,1520.0501709,2026-05-17,2026-06-07
None,Schalke,GER,2,1519.7421875,2026-05-21,2026-06-07
None,Rangers,SCO,1,1517.05712891,2026-05-17,2026-06-07
None,Besiktas,TUR,1,1516.34155273,2026-05-16,2026-06-07
None,Mjaellby,SWE,1,1515.64575195,2026-06-01,2026-06-07
None,Guimaraes,POR,1,1515.55175781,2026-05-17,2026-06-07
None,Palermo,ITA,2,1514.03564453,2026-05-21,2026-06-07
None,Rakow,POL,1,1513.49890137,2026-05-24,2026-06-07
None,Viborg,DEN,1,1512.19702148,2026-05-18,2026-06-07
None,Gil Vicente,POR,1,1507.84570312,2026-05-17,2026-06-07
None,Hammarby,SWE,1,1507.66381836,2026-06-01,2026-06-07
None,Saint-Etienne,FRA,2,1506.89172363,2026-05-16,2026-06-07
None,Bristol City,ENG,2,1506.79101562,2026-05-21,2026-06-07
None,Birmingham,ENG,2,1506.17443848,2026-05-21,2026-06-07
None,Charleroi,BEL,1,1504.99682617,2026-05-24,2026-06-07
None,West Brom,ENG,2,1503.81433105,2026-05-21,2026-06-07
None,Leicester,ENG,2,1502.56665039,2026-05-21,2026-06-07
None,Verona,ITA,1,1502.5567627,2026-05-25,2026-06-07
None,Standard,BEL,1,1502.06091309,2026-05-24,2026-06-07
None,Gijon,ESP,2,1501.76782227,2026-05-31,2026-06-07
None,Arouca,POR,1,1500.69482422,2026-05-17,2026-06-07
None,Portsmouth,ENG,2,1498.42419434,2026-05-21,2026-06-07
None,Albacete,ESP,2,1498.08837891,2026-05-31,2026-06-07
None,Gent,BEL,1,1497.22473145,2026-06-01,2026-06-07
None,Tromso,NOR,1,1496.79089355,2026-05-30,2026-06-07
None,Andorra CF,ESP,2,1495.7565918,2026-06-01,2026-06-07
None,Larnaca,CYP,0,1494.35522461,2026-03-20,2026-06-07
None,Estoril,POR,1,1493.87988281,2026-05-17,2026-06-07
None,Rodez,FRA,2,1493.4967041,2026-05-16,2026-06-07
None,Blackburn,ENG,2,1492.38757324,2026-05-21,2026-06-07
None,Le Mans,FRA,2,1491.47241211,2026-05-10,2026-06-07
None,Metz,FRA,1,1488.86108398,2026-05-18,2026-06-07
None,Bochum,GER,2,1486.64123535,2026-05-21,2026-06-07
None,Baltika,RUS,1,1484.52722168,2026-03-15,2026-06-07
None,Leganes,ESP,2,1483.35803223,2026-06-01,2026-06-07
None,Santa Clara,POR,1,1482.95849609,2026-05-17,2026-06-07
None,Salzburg,AUT,1,1482.40698242,2026-05-18,2026-06-07
None,Antwerp,BEL,1,1480.32495117,2026-05-24,2026-06-07
None,QPR,ENG,2,1479.61853027,2026-05-21,2026-06-07
None,Moreirense,POR,1,1478.99890137,2026-05-17,2026-06-07
None,Mechelen,BEL,1,1478.85217285,2026-05-25,2026-06-07
None,Aris Limassol,CYP,0,1478.18310547,2026-03-20,2026-06-07
None,Preston,ENG,2,1477.9732666,2026-05-21,2026-06-07
None,Cordoba,ESP,2,1476.7520752,2026-06-01,2026-06-07
None,Montpellier,FRA,2,1476.16796875,2026-05-10,2026-06-07
None,Westerlo,BEL,1,1475.3503418,2026-05-24,2026-06-07
None,Hearts,SCO,1,1473.26843262,2026-05-17,2026-06-07
None,Djurgarden,SWE,1,1472.00256348,2026-06-01,2026-06-07
None,Sturm Graz,AUT,1,1471.63842773,2026-05-18,2026-06-07
None,StGallen,SUI,1,1469.69934082,2026-05-18,2026-06-07
None,Heerenveen,NED,1,1468.30749512,2026-05-22,2026-06-07
None,Molde,NOR,1,1467.12402344,2026-05-31,2026-06-07
None,Jagiellonia,POL,1,1466.60546875,2026-05-24,2026-06-07
None,Beer-Sheva,ISR,1,1466.13769531,2026-05-24,2026-06-07
None,SonderjyskE,DEN,1,1465.48205566,2026-05-18,2026-06-07
None,Annecy,FRA,2,1464.90893555,2026-05-10,2026-06-07
None,Darmstadt,GER,2,1463.3572998,2026-05-21,2026-06-07
None,Thun,SUI,1,1463.22167969,2026-05-18,2026-06-07
None,Granada,ESP,2,1463.03540039,2026-05-31,2026-06-07
None,Holstein,GER,2,1462.63525391,2026-05-21,2026-06-07
None,Oxford,ENG,2,1461.63244629,2026-05-21,2026-06-07
None,Samsunspor,TUR,1,1461.5769043,2026-05-17,2026-06-07
None,Hertha,GER,2,1461.53930664,2026-05-21,2026-06-07
None,Nuernberg,GER,2,1458.7109375,2026-05-21,2026-06-07
None,Craiova,ROM,1,1458.68530273,2026-05-26,2026-06-07
None,Catanzaro,ITA,2,1458.62255859,2026-05-30,2026-06-07
None,Watford,ENG,2,1457.27050781,2026-05-21,2026-06-07
None,Omonia,CYP,0,1456.90454102,2026-03-20,2026-06-07
None,Ceuta,ESP,2,1456.44396973,2026-05-31,2026-06-07
None,Lautern,GER,2,1456.03540039,2026-05-21,2026-06-07
None,Pisa,ITA,1,1455.70288086,2026-05-24,2026-06-07
None,Celje,SVN,1,1455.5267334,2026-05-23,2026-06-07
None,Gyoer,HUN,1,1454.81445312,2026-05-17,2026-06-07
None,LASK,AUT,1,1452.54577637,2026-05-18,2026-06-07
None,Charlton,ENG,2,1452.09387207,2026-05-21,2026-06-07
None,Gornik,POL,1,1452.04504395,2026-05-24,2026-06-07
None,Stoke,ENG,2,1451.84008789,2026-05-21,2026-06-07
None,Rio Ave,POR,1,1451.29138184,2026-05-17,2026-06-07
None,Nacional,POR,1,1451.03393555,2026-05-17,2026-06-07
None,Goeztepe,TUR,1,1450.39257812,2026-05-17,2026-06-07
None,Lugano,SUI,1,1450.05969238,2026-05-18,2026-06-07
None,Rubin Kazan,RUS,1,1449.72570801,2026-03-16,2026-06-07
None,Cercle Brugge,BEL,1,1445.62512207,2026-05-10,2026-06-07
None,Hradec Kralove,CZE,1,1445.51159668,2026-05-25,2026-06-07
None,Silkeborg,DEN,1,1445.33203125,2026-05-18,2026-06-07
None,Jablonec,CZE,1,1445.09509277,2026-05-25,2026-06-07
None,Malmoe,SWE,1,1444.68383789,2026-05-31,2026-06-07
None,Alverca,POR,1,1443.62683105,2026-05-17,2026-06-07
None,Mirandes,ESP,2,1441.85888672,2026-06-01,2026-06-07
None,Levski,BUL,1,1441.24841309,2026-05-26,2026-06-07
None,Go Ahead Eagles,NED,1,1440.8338623,2026-05-18,2026-06-07
None,Legia,POL,1,1440.72375488,2026-05-24,2026-06-07
None,Dynamo Kyiv,UKR,1,1440.28381348,2026-05-25,2026-06-07
None,Red Star,FRA,2,1440.09680176,2026-05-13,2026-06-07
None,Magdeburg,GER,2,1439.74841309,2026-05-21,2026-06-07
None,Groningen,NED,1,1438.96716309,2026-05-22,2026-06-07
None,Aris,GRE,1,1438.52880859,2026-05-18,2026-06-07
None,M Tel Aviv,ISR,1,1438.46240234,2026-05-24,2026-06-07
None,CFR Cluj,ROM,1,1437.53100586,2026-05-17,2026-06-07
None,Basel,SUI,1,1436.53759766,2026-05-18,2026-06-07
None,Karlsruhe,GER,2,1435.78088379,2026-05-21,2026-06-07
None,Sion,SUI,1,1433.71728516,2026-05-18,2026-06-07
None,Universitatea Cluj,ROM,1,1433.61633301,2026-05-24,2026-06-07
None,Randers,DEN,1,1432.48901367,2026-05-18,2026-06-07
None,Razgrad,BUL,1,1431.40698242,2026-05-30,2026-06-07
None,Slovan Liberec,CZE,1,1431.40258789,2026-05-25,2026-06-07
None,Young Boys,SUI,1,1431.359375,2026-05-18,2026-06-07
None,Odense,DEN,1,1430.63183594,2026-05-18,2026-06-07
None,Zulte Waregem,BEL,1,1430.47912598,2026-05-10,2026-06-07
None,Sociedad B,ESP,2,1430.25927734,2026-05-31,2026-06-07
None,Modena,ITA,2,1429.02441406,2026-05-13,2026-06-07
None,Casa Pia,POR,1,1427.9173584,2026-05-17,2026-06-07
None,IK Sirius,SWE,1,1427.83239746,2026-05-31,2026-06-07
None,Rosenborg,NOR,1,1427.67407227,2026-05-30,2026-06-07
None,Valladolid,ESP,2,1427.11730957,2026-06-01,2026-06-07
None,Hajduk,CRO,1,1426.87268066,2026-05-23,2026-06-07
None,Steaua,ROM,1,1426.69909668,2026-05-30,2026-06-07
None,Katowice,POL,1,1426.26806641,2026-05-24,2026-06-07
None,Juve Stabia,ITA,2,1425.40319824,2026-05-20,2026-06-07
None,Pogon,POL,1,1424.82580566,2026-05-24,2026-06-07
None,Rostov,RUS,1,1424.74609375,2026-03-15,2026-06-07
None,Sandefjord,NOR,1,1423.67443848,2026-05-31,2026-06-07
None,Empoli,ITA,2,1422.83203125,2026-05-09,2026-06-07
None,Dunkerque,FRA,2,1422.52380371,2026-05-10,2026-06-07
None,Leuven,BEL,1,1422.09472656,2026-05-24,2026-06-07
None,Servette,SUI,1,1417.44897461,2026-05-17,2026-06-07
None,Beitar,ISR,1,1414.83398438,2026-05-24,2026-06-07
None,Dresden,GER,2,1414.36047363,2026-05-21,2026-06-07
None,Piast Gliwice,POL,1,1413.75866699,2026-05-24,2026-06-07
None,Fredrikstad,NOR,1,1412.80065918,2026-05-30,2026-06-07
None,Sparta Rotterdam,NED,1,1411.77038574,2026-05-18,2026-06-07
None,Cadiz,ESP,2,1411.75646973,2026-06-01,2026-06-07
None,Duesseldorf,GER,2,1410.23022461,2026-05-21,2026-06-07
None,Huesca,ESP,2,1406.8170166,2026-06-01,2026-06-07
None,Terek Grozny,RUS,1,1406.51818848,2026-03-16,2026-06-07
None,Levadeiakos,GRE,1,1405.93115234,2026-05-18,2026-06-07
None,Bielefeld,GER,2,1404.89770508,2026-05-21,2026-06-07
None,Grenoble,FRA,2,1404.76013184,2026-05-10,2026-06-07
None,Sarpsborg,NOR,1,1403.36462402,2026-05-30,2026-06-07
None,Estrela Amadora,POR,1,1403.16491699,2026-05-17,2026-06-07
None,Radomiak,POL,1,1402.66918945,2026-05-24,2026-06-07
None,Rizespor,TUR,1,1402.17834473,2026-05-16,2026-06-07
None,Mantova,ITA,2,1399.96459961,2026-05-09,2026-06-07
None,Tondela,POR,1,1399.9251709,2026-05-17,2026-06-07
None,Austria Wien,AUT,1,1398.9432373,2026-05-18,2026-06-07
None,Hibernian,SCO,1,1398.91027832,2026-05-17,2026-06-07
None,Alanyaspor,TUR,1,1398.89453125,2026-05-17,2026-06-07
None,Konyaspor,TUR,1,1398.39013672,2026-05-18,2026-06-07
None,Lubin,POL,1,1397.54772949,2026-05-24,2026-06-07
None,Luzern,SUI,1,1397.09777832,2026-05-17,2026-06-07
None,Lechia,POL,1,1396.66125488,2026-05-24,2026-06-07
None,Ham-Kam,NOR,1,1395.87011719,2026-05-30,2026-06-07
None,Fuerth,GER,2,1394.82653809,2026-05-21,2026-06-07
None,Telstar,NED,1,1394.69750977,2026-05-18,2026-06-07
None,Cracovia,POL,1,1394.18823242,2026-05-24,2026-06-07
None,Guingamp,FRA,2,1393.92907715,2026-05-10,2026-06-07
None,Polissya Zhytomyr,UKR,1,1391.21166992,2026-05-25,2026-06-07
None,Sampdoria,ITA,2,1390.78149414,2026-05-09,2026-06-07
None,Korona,POL,1,1390.38635254,2026-05-24,2026-06-07
None,Clermont,FRA,2,1389.71569824,2026-05-10,2026-06-07
None,Motherwell,SCO,1,1389.7043457,2026-05-17,2026-06-07
None,Zwolle,NED,1,1389.3717041,2026-05-18,2026-06-07
None,Elfsborg,SWE,1,1388.13391113,2026-05-30,2026-06-07
None,Rijeka,CRO,1,1387.4979248,2026-05-24,2026-06-07
None,GAIS,SWE,1,1387.08850098,2026-05-31,2026-06-07
None,Zaragoza,ESP,2,1386.47680664,2026-06-01,2026-06-07
None,Carrarese,ITA,2,1385.89782715,2026-05-09,2026-06-07
None,Spezia,ITA,2,1384.77941895,2026-05-09,2026-06-07
None,Haecken,SWE,1,1383.41943359,2026-06-01,2026-06-07
None,Laval,FRA,2,1383.33862305,2026-05-10,2026-06-07
None,Sittard,NED,1,1383.10021973,2026-05-18,2026-06-07
None,Kasimpasa,TUR,1,1383.04516602,2026-05-18,2026-06-07
None,Avellino,ITA,2,1381.59423828,2026-05-09,2026-06-07
None,Bastia,FRA,2,1381.44421387,2026-05-10,2026-06-07
None,Rapid Wien,AUT,1,1381.19360352,2026-05-26,2026-06-07
None,Mlada Boleslav,CZE,1,1381.14978027,2026-05-24,2026-06-07
None,AIK,SWE,1,1381.11547852,2026-05-31,2026-06-07
None,Braunschweig,GER,2,1381.04870605,2026-05-21,2026-06-07
None,Motor Lublin,POL,1,1379.69775391,2026-05-24,2026-06-07
None,Valerenga,NOR,1,1377.26916504,2026-05-30,2026-06-07
None,Excelsior,NED,1,1377.12609863,2026-05-18,2026-06-07
None,Plock,POL,1,1375.22253418,2026-05-24,2026-06-07
None,Lausanne,SUI,1,1374.96105957,2026-05-17,2026-06-07
None,Pau,FRA,2,1373.39770508,2026-05-10,2026-06-07
None,Atromitos,GRE,1,1372.44262695,2026-05-22,2026-06-07
None,Suedtirol,ITA,2,1372.29528809,2026-05-23,2026-06-07
None,Sigma Olomouc,CZE,1,1371.94616699,2026-05-24,2026-06-07
None,Widzew,POL,1,1371.26403809,2026-05-24,2026-06-07
None,Hartberg,AUT,1,1370.59338379,2026-05-18,2026-06-07
None,Eyupspor,TUR,1,1370.07275391,2026-05-18,2026-06-07
None,Leonesa,ESP,2,1369.58703613,2026-05-31,2026-06-07
None,Goeteborg,SWE,1,1368.79516602,2026-06-01,2026-06-07
None,RAAL,BEL,1,1368.54003906,2026-05-10,2026-06-07
None,Rapid Bucuresti,ROM,1,1368.52368164,2026-05-26,2026-06-07
None,Dinamo Bucuresti,ROM,1,1368.21972656,2026-05-30,2026-06-07
None,Paksi,HUN,1,1367.53356934,2026-05-17,2026-06-07
None,Fredericia,DEN,1,1366.58007812,2026-05-18,2026-06-07
None,Slovan Bratislava,SLK,0,1366.51843262,2026-01-01,2026-06-07
None,Bari,ITA,2,1366.16162109,2026-05-23,2026-06-07
None,Kryliya Sovetov,RUS,1,1366.14489746,2026-03-16,2026-06-07
None,Cesena,ITA,2,1365.5480957,2026-05-09,2026-06-07
None,Padova,ITA,2,1365.39855957,2026-05-09,2026-06-07
None,Koper,SVN,1,1364.5402832,2026-05-17,2026-06-07
None,Puskas Akademia,HUN,1,1363.62231445,2026-05-16,2026-06-07
None,KFUM Oslo,NOR,1,1363.44873047,2026-05-30,2026-06-07
None,Lillestrom,NOR,1,1363.40356445,2026-05-31,2026-06-07
None,Akron Togliatti,RUS,1,1360.69018555,2026-03-16,2026-06-07
None,Nancy,FRA,2,1358.45654297,2026-05-10,2026-06-07
None,Entella,ITA,2,1358.08483887,2026-05-09,2026-06-07
None,Varazdin,CRO,1,1357.82275391,2026-05-24,2026-06-07
None,Boulogne,FRA,2,1356.86462402,2026-05-10,2026-06-07
None,CSKA Sofia,BUL,1,1355.23095703,2026-05-26,2026-06-07
None,Gaziantep FK,TUR,1,1354.34484863,2026-05-17,2026-06-07
None,Debrecen,HUN,1,1353.97338867,2026-05-17,2026-06-07
None,Lok Zagreb,CRO,1,1353.19482422,2026-05-24,2026-06-07
None,Kristiansund,NOR,1,1353.01513672,2026-05-30,2026-06-07
None,Muenster,GER,2,1352.77770996,2026-05-21,2026-06-07
None,Pescara,ITA,2,1351.91577148,2026-05-09,2026-06-07
None,FK Astana,KAZ,0,1351.59240723,2026-01-29,2026-06-07
None,Genclerbirligi,TUR,1,1349.62988281,2026-05-18,2026-06-07
None,AVS Futebol,POR,1,1347.30688477,2026-05-17,2026-06-07
None,Maccabi Haifa,ISR,1,1347.22485352,2026-05-24,2026-06-07
None,Pardubice,CZE,1,1346.9642334,2026-05-11,2026-06-07
None,Banik Ostrava,CZE,1,1346.5625,2026-05-24,2026-06-07
None,Bohemians Praha,CZE,1,1344.51184082,2026-05-11,2026-06-07
None,Dender,BEL,1,1344.01013184,2026-05-10,2026-06-07
None,Orenburg,RUS,1,1343.03881836,2026-03-14,2026-06-07
None,Kocaelispor,TUR,1,1342.98779297,2026-05-18,2026-06-07
None,Partizan,SRB,1,1342.41906738,2026-05-24,2026-06-07
None,Sheffield Weds,ENG,2,1341.28015137,2026-05-21,2026-06-07
None,OFI,GRE,1,1339.29431152,2026-05-18,2026-06-07
None,Dynamo Makhachkala,RUS,1,1339.20922852,2026-03-14,2026-06-07
None,Vejle,DEN,1,1338.50366211,2026-05-18,2026-06-07
None,Nizhny Novgorod,RUS,1,1337.80126953,2026-03-16,2026-06-07
None,Sheriff Tiraspol,MOL,0,1337.35595703,2026-01-01,2026-06-07
None,Volendam,NED,1,1335.65087891,2026-05-18,2026-06-07
None,Zalaegerszegi,HUN,1,1335.47644043,2026-05-17,2026-06-07
None,Maribor,SVN,1,1334.22265625,2026-05-24,2026-06-07
None,Reggiana,ITA,2,1334.04577637,2026-05-09,2026-06-07
None,Trnava,SLK,0,1333.72814941,2026-01-01,2026-06-07
None,Kayseri,TUR,1,1333.65478516,2026-05-18,2026-06-07
None,Wolfsberg,AUT,1,1333.65039062,2026-05-20,2026-06-07
None,Zilina,SLK,0,1333.45056152,2026-01-01,2026-06-07
None,H Tel Aviv,ISR,1,1333.1138916,2026-05-24,2026-06-07
None,Karvina,CZE,1,1331.02539062,2026-05-24,2026-06-07
None,Breda,NED,1,1330.49768066,2026-05-18,2026-06-07
None,Osijek,CRO,1,1330.08520508,2026-05-23,2026-06-07
None,Metalist 1925,UKR,1,1329.27355957,2026-05-25,2026-06-07
None,Antalyaspor,TUR,1,1328.71740723,2026-05-18,2026-06-07
None,Teplice,CZE,1,1328.1394043,2026-05-24,2026-06-07
None,LNZ,UKR,1,1325.7130127,2026-05-25,2026-06-07
None,Fatih Karaguemruek,TUR,1,1325.40698242,2026-05-17,2026-06-07
None,Kosice,SLK,0,1324.39245605,2026-01-01,2026-06-07
None,Arka,POL,1,1323.94714355,2026-05-24,2026-06-07
None,Zira,AZE,0,1319.08618164,2026-02-25,2026-06-07
None,Olimpija Ljubljana,SVN,1,1317.77832031,2026-05-24,2026-06-07
None,Asteras Tripolis,GRE,1,1313.69946289,2026-05-22,2026-06-07
None,Nakchivan,AZE,0,1313.20251465,2026-02-25,2026-06-07
None,Shamrock,IRL,0,1313.01416016,2026-01-01,2026-06-07
None,CSKA 1948 Sofia,BUL,1,1312.79211426,2026-05-26,2026-06-07
None,Sabah,AZE,0,1311.19018555,2026-02-25,2026-06-07
None,Zuerich,SUI,1,1307.39770508,2026-05-17,2026-06-07
None,Arges Pitesti,ROM,1,1306.64880371,2026-03-14,2026-06-07
None,UTA Arad,ROM,1,1305.11437988,2026-05-19,2026-06-07
None,Nieciecza,POL,1,1304.40112305,2026-05-24,2026-06-07
None,Karpaty,UKR,1,1302.12536621,2026-05-24,2026-06-07
None,Ried,AUT,1,1301.83740234,2026-05-26,2026-06-07
None,HNK Gorica,CRO,1,1300.91833496,2026-05-24,2026-06-07
None,BW Linz,AUT,1,1300.86425781,2026-05-17,2026-06-07
None,Kryvbas,UKR,1,1299.41247559,2026-05-24,2026-06-07
None,Altach,AUT,1,1298.19055176,2026-05-17,2026-06-07
None,Sochi,RUS,1,1297.66748047,2026-03-15,2026-06-07
None,Kilmarnock,SCO,1,1297.11804199,2026-05-18,2026-06-07
None,Kuopio,FIN,0,1296.51403809,2026-02-27,2026-06-07
None,Otelul Galati,ROM,1,1296.07861328,2026-05-19,2026-06-07
None,Bravo,SVN,1,1294.92614746,2026-05-24,2026-06-07
None,Start,NOR,1,1294.83154297,2026-05-30,2026-06-07
None,Amiens,FRA,2,1294.55310059,2026-05-10,2026-06-07
None,Kairat,KAZ,0,1294.38867188,2026-01-29,2026-06-07
None,Noah,ARM,0,1294.14257812,2026-02-27,2026-06-07
None,Viitorul,ROM,1,1293.85339355,2026-05-19,2026-06-07
None,Panetolikos,GRE,1,1292.25964355,2026-05-22,2026-06-07
None,Wattens,AUT,1,1292.03271484,2026-05-17,2026-06-07
None,Ujpest,HUN,1,1291.93554688,2026-05-17,2026-06-07
None,Aalesund,NOR,1,1291.39440918,2026-05-30,2026-06-07
None,Istra 1961,CRO,1,1291.16687012,2026-05-24,2026-06-07
None,Kolos,UKR,1,1290.94470215,2026-05-22,2026-06-07
None,Tescoma Zlin,CZE,1,1290.13598633,2026-05-24,2026-06-07
None,Grasshoppers,SUI,1,1289.90795898,2026-05-19,2026-06-07
None,Kifisias,GRE,1,1289.7779541,2026-05-22,2026-06-07
None,Novi Sad,SRB,1,1288.29541016,2026-05-24,2026-06-07
None,Brommapojkarna,SWE,1,1286.93847656,2026-06-01,2026-06-07
None,Dundee United,SCO,1,1286.71264648,2026-05-18,2026-06-07
None,Pyunik,ARM,0,1286.7109375,2026-02-27,2026-06-07
None,Nyiregyhaza,HUN,1,1285.84594727,2026-05-16,2026-06-07
None,Vikingur,ISL,0,1285.12316895,2026-01-01,2026-06-07
None,Slovacko,CZE,1,1284.80163574,2026-05-24,2026-06-07
None,FK Riga,LAT,0,1283.32739258,2026-01-01,2026-06-07
None,MTK,HUN,1,1283.06335449,2026-05-16,2026-06-07
None,Zrinjski Mostar,BHZ,0,1283.0456543,2026-02-27,2026-06-07
None,Slaven Belupo,CRO,1,1282.4810791,2026-05-23,2026-06-07
None,Vaduz,LIE,0,1280.60302734,2026-02-27,2026-06-07
None,Heracles,NED,1,1280.49194336,2026-05-18,2026-06-07
None,GAK,AUT,1,1279.81030273,2026-05-17,2026-06-07
None,Cherno More,BUL,1,1279.59606934,2026-05-26,2026-06-07
None,St Patricks,IRL,0,1278.34521484,2026-01-01,2026-06-07
None,Botosani,ROM,1,1277.43041992,2026-05-25,2026-06-07
None,Halmstad,SWE,1,1272.30566406,2026-05-31,2026-06-07
None,Degerfors,SWE,1,1271.91064453,2026-06-01,2026-06-07
None,Netanya,ISR,1,1271.08203125,2026-05-19,2026-06-07
None,Falkirk,SCO,1,1270.04736328,2026-05-17,2026-06-07
None,Zorya,UKR,1,1268.67016602,2026-05-24,2026-06-07
None,Aarau,SUI,1,1267.46691895,2026-05-19,2026-06-07
None,Csikszereda,ROM,1,1267.13671875,2026-05-17,2026-06-07
None,Petrolul Ploiesti,ROM,1,1266.38818359,2026-05-19,2026-06-07
None,Dundee,SCO,1,1266.15893555,2026-05-18,2026-06-07
None,Vaesteras,SWE,1,1264.99938965,2026-06-01,2026-06-07
None,Dukla,CZE,1,1264.53088379,2026-05-24,2026-06-07
None,Arda,BUL,1,1262.61499023,2026-05-26,2026-06-07
None,Kisvarda,HUN,1,1261.0670166,2026-05-17,2026-06-07
None,NFC Volos,GRE,1,1259.1685791,2026-05-18,2026-06-07
None,Aberdeen,SCO,1,1258.1998291,2026-05-18,2026-06-07
None,Oergryte,SWE,1,1257.30456543,2026-05-30,2026-06-07
None,Hermannstadt,ROM,1,1250.74987793,2026-05-19,2026-06-07
None,HJK Helsinki,FIN,0,1246.64978027,2026-02-27,2026-06-07
None,Ararat,ARM,0,1246.33862305,2026-02-27,2026-06-07
None,Kalmar,SWE,1,1246.30627441,2026-05-31,2026-06-07
None,Aktobe,KAZ,0,1243.37133789,2026-01-29,2026-06-07
None,St Mirren,SCO,1,1243.31494141,2026-05-18,2026-06-07
None,Drita,KOS,0,1242.50073242,2026-02-27,2026-06-07
None,Larisa,GRE,1,1241.21716309,2026-05-22,2026-06-07
None,Shelbourne,IRL,0,1240.87084961,2026-01-01,2026-06-07
None,Zeleznicar Pancevo,SRB,1,1240.40429688,2026-05-23,2026-06-07
None,Diosgyori,HUN,1,1237.07165527,2026-05-17,2026-06-07
None,Derry City,IRL,0,1233.97900391,2026-01-01,2026-06-07
None,Botev Plovdiv,BUL,1,1233.97180176,2026-05-26,2026-06-07
None,Veres,UKR,1,1232.84753418,2026-05-25,2026-06-07
None,Winterthur,SUI,1,1232.13244629,2026-05-17,2026-06-07
None,Breidablik,ISL,0,1231.23120117,2026-01-01,2026-06-07
None,Hapoel Jerusalem,ISR,1,1230.98950195,2026-05-19,2026-06-07
None,Hapoel Haifa,ISR,1,1230.6484375,2026-05-19,2026-06-07
None,Bnei Sakhinin,ISR,1,1229.75500488,2026-05-19,2026-06-07
None,H Petach Tikva,ISR,1,1228.65100098,2026-05-24,2026-06-07
None,Shkendija,MAC,0,1226.55493164,2026-02-27,2026-06-07
None,Panserraikos,GRE,1,1226.01794434,2026-05-22,2026-06-07
None,RFS,LAT,0,1221.79467773,2026-01-01,2026-06-07
None,Zeljeznicar,BHZ,0,1217.75280762,2026-02-27,2026-06-07
None,Ironi Tiberias,ISR,1,1212.53625488,2026-05-19,2026-06-07
None,Valur,ISL,0,1211.37255859,2026-01-01,2026-06-07
None,FK Sarajevo,BHZ,0,1211.23156738,2026-02-27,2026-06-07
None,Borac Banja Luka,BHZ,0,1210.83227539,2026-02-27,2026-06-07
None,Lok Plovdiv,BUL,1,1205.97167969,2026-05-30,2026-06-07
None,Ilves Tampere,FIN,0,1205.37280273,2026-02-27,2026-06-07
None,Dinamo Minsk,BLR,0,1202.69592285,2026-01-01,2026-06-07
None,Ordabasy,KAZ,0,1202.21813965,2026-01-29,2026-06-07
None,Kiryat Shmona,ISR,1,1201.35681152,2026-05-19,2026-06-07
None,Akureyri,ISL,0,1199.48815918,2026-01-01,2026-06-07
None,Slavia Sofia,BUL,1,1199.17614746,2026-05-23,2026-06-07
None,OFK,SRB,1,1199.15283203,2026-05-23,2026-06-07
None,Cukaricki,SRB,1,1198.3515625,2026-05-23,2026-06-07
None,Olexandriya,UKR,1,1197.1862793,2026-05-24,2026-06-07
None,Novi Pazar,SRB,1,1194.02624512,2026-05-24,2026-06-07
None,Lok Sofia,BUL,1,1193.53759766,2026-05-23,2026-06-07
None,Rukh Lviv,UKR,1,1192.74328613,2026-05-25,2026-06-07
None,Unirea Slobozia,ROM,1,1191.5814209,2026-05-19,2026-06-07
None,Klaksvik,FAR,0,1189.47131348,2026-01-01,2026-06-07
None,Kragujevac,SRB,1,1187.92358398,2026-05-25,2026-06-07
None,Radomlje,SVN,1,1187.16796875,2026-05-23,2026-06-07
None,Backa Topola,SRB,1,1185.84375,2026-05-25,2026-06-07
None,Ballkani,KOS,0,1185.13781738,2026-02-27,2026-06-07
None,Dinamo Tirana,ALB,0,1183.72375488,2026-01-01,2026-06-07
None,Seinajoki,FIN,0,1183.17431641,2026-02-27,2026-06-07
None,Obolon Kyiv,UKR,1,1180.98791504,2026-05-25,2026-06-07
None,Banants,ARM,0,1179.43408203,2026-02-27,2026-06-07
None,Auda,LAT,0,1179.07128906,2026-01-01,2026-06-07
None,Neman Grodno,BLR,0,1179.02661133,2026-01-01,2026-06-07
None,Ashdod,ISR,1,1172.46374512,2026-05-19,2026-06-07
None,Daugavpils,LAT,0,1171.93493652,2026-01-01,2026-06-07
None,Kazincbarcika,HUN,1,1168.09191895,2026-05-16,2026-06-07
None,Zalgiris Vilnius,LIT,0,1167.50366211,2026-01-01,2026-06-07
None,IMT,SRB,1,1167.23327637,2026-05-25,2026-06-07
None,Episentr,UKR,1,1165.83850098,2026-05-24,2026-06-07
None,Botev Vratsa,BUL,1,1165.69104004,2026-05-23,2026-06-07
None,Livingston,SCO,1,1163.26220703,2026-05-18,2026-06-07
None,Torpedo Kutaisi,GEO,0,1159.65441895,2026-01-01,2026-06-07
None,Radnik Surdulica,SRB,1,1159.57324219,2026-05-24,2026-06-07
None,Petrocub,MOL,0,1159.45910645,2026-01-01,2026-06-07
None,Partizani Tirana,ALB,0,1158.83312988,2026-01-01,2026-06-07
None,Egnatia,ALB,0,1157.89331055,2026-01-01,2026-06-07
None,FC Spaeri,GEO,0,1150.32836914,2026-01-01,2026-06-07
None,Dila Gori,GEO,0,1149.45703125,2026-01-01,2026-06-07
None,Saburtalo,GEO,0,1149.44433594,2026-01-01,2026-06-07
None,Vllaznia,ALB,0,1145.86279297,2026-01-01,2026-06-07
None,Vukovar,CRO,1,1141.32226562,2026-05-23,2026-06-07
None,Mura,SVN,1,1140.62060547,2026-05-23,2026-06-07
None,Metaloglobus,ROM,1,1138.28759766,2026-05-19,2026-06-07
None,Aluminij,SVN,1,1136.16748047,2026-05-24,2026-06-07
None,Mladost Lucani,SRB,1,1133.2512207,2026-05-25,2026-06-07
None,Kudrivka,UKR,1,1131.67626953,2026-05-25,2026-06-07
None,Kauno Zalgiris,LIT,0,1131.27331543,2026-01-01,2026-06-07
None,Flora Tallinn,EST,0,1130.34924316,2026-01-01,2026-06-07
None,Maccabi Bnei Raina,ISR,1,1127.99316406,2026-05-19,2026-06-07
None,Levski Krumovgrad,BUL,1,1127.7421875,2026-02-27,2026-06-07
None,Dinamo Brest,BLR,0,1124.8527832,2026-01-01,2026-06-07
None,Zimbru,MOL,0,1121.74816895,2026-01-01,2026-06-07
None,Nis,SRB,1,1120.02661133,2026-05-25,2026-06-07
None,Ivanjica,SRB,1,1117.99780273,2026-05-25,2026-06-07
None,Beroe Stara Zagora,BUL,1,1117.53771973,2026-05-23,2026-06-07
None,Hamrun,MLT,0,1116.77966309,2026-01-01,2026-06-07
None,Domzale,SVN,1,1115.6730957,2026-03-20,2026-06-07
None,Linfield,NIR,0,1112.89929199,2026-01-01,2026-06-07
None,Banga,LIT,0,1112.11181641,2026-01-01,2026-06-07
None,Primorje,SVN,1,1110.8092041,2026-05-23,2026-06-07
None,Torpedo Zhodino,BLR,0,1109.97851562,2026-01-01,2026-06-07
None,Milsami Orhei,MOL,0,1106.4597168,2026-01-01,2026-06-07
None,Hegelmann,LIT,0,1105.8293457,2026-01-01,2026-06-07
None,Spartak Varna,BUL,1,1099.84106445,2026-05-23,2026-06-07
None,Vardar,MAC,0,1099.73193359,2026-02-27,2026-06-07
None,Decic,MNT,0,1098.27709961,2026-01-01,2026-06-07
None,Septemvri Sofia,BUL,1,1095.19165039,2026-05-23,2026-06-07
None,Sileks,MAC,0,1091.06091309,2026-02-27,2026-06-07
None,Paide Linnameeskond,EST,0,1082.51745605,2026-01-01,2026-06-07
None,Sutjeska,MNT,0,1082.15710449,2026-01-01,2026-06-07
None,Rabotnicki,MAC,0,1081.38427734,2026-02-27,2026-06-07
None,Prishtine,KOS,0,1080.05297852,2026-02-27,2026-06-07
None,SK Poltava,UKR,1,1070.24291992,2026-05-24,2026-06-07
None,Nomme Kalju,EST,0,1067.46813965,2026-01-01,2026-06-07
None,The New Saints,WAL,0,1066.42773438,2026-01-01,2026-06-07
None,Lincoln,GIB,0,1065.0925293,2026-01-01,2026-06-07
None,Differdang,LUX,0,1064.40563965,2026-01-01,2026-06-07
None,Floriana,MLT,0,1063.39416504,2026-01-01,2026-06-07
None,Larne,NIR,0,1059.32751465,2026-01-01,2026-06-07
None,R Letzebuerg,LUX,0,1055.80236816,2026-01-01,2026-06-07
None,Hibernians Paola,MLT,0,1055.26086426,2026-01-01,2026-06-07
None,Blagoevgrad,BUL,1,1053.63269043,2026-02-27,2026-06-07
None,Malisheva,KOS,0,1053.15783691,2026-02-27,2026-06-07
None,Dungannon,NIR,0,1052.24328613,2026-01-01,2026-06-07
None,Dobrudzha,BUL,1,1051.7590332,2026-05-23,2026-06-07
None,Birkirkara,MLT,0,1050.81762695,2026-01-01,2026-06-07
None,FC Infonet,EST,0,1050.10693359,2026-01-01,2026-06-07
None,HB Torshavn,FAR,0,1050.02600098,2026-01-01,2026-06-07
None,Zlatibor,SRB,1,1047.96862793,2026-05-25,2026-06-07
None,Una Strassen,LUX,0,1047.87158203,2026-01-01,2026-06-07
None,Montana 1921,BUL,1,1042.7578125,2026-05-23,2026-06-07
None,Runavik,FAR,0,1039.27258301,2026-01-01,2026-06-07
None,Hebar,BUL,1,1036.60644531,2026-02-27,2026-06-07
None,Dudelange,LUX,0,1035.68371582,2026-01-01,2026-06-07
None,Podgorica,MNT,0,1034.60522461,2026-01-01,2026-06-07
None,Gota,FAR,0,1033.25927734,2026-01-01,2026-06-07
None,Cliftonville,NIR,0,1032.94494629,2026-01-01,2026-06-07
None,Escaldes,AND,0,1002.06817627,2026-01-01,2026-06-07
None,Krusevac,SRB,1,996.298400879,2026-05-25,2026-06-07
None,Penybont,WAL,0,988.081848145,2026-01-01,2026-06-07
None,Haverfordwest,WAL,0,985.360229492,2026-01-01,2026-06-07
None,St Josephs,GIB,0,968.097045898,2026-01-01,2026-06-07
None,Santa Coloma,AND,0,954.305236816,2026-01-01,2026-06-07
None,Atletic Club Escaldes,AND,0,944.222595215,2026-01-01,2026-06-07
None,FCB Magpies,GIB,0,935.020568848,2026-01-01,2026-06-07
None,SS Virtus,SMR,0,767.627746582,2026-01-01,2026-06-07
None,Tre Fiori,SMR,0,736.193237305,2026-01-01,2026-06-07
None,La Fiorita,SMR,0,716.190124512,2026-01-01,2026-06-07


